{"train": 552.557888507843, "test": 69.3161506652832}